{"Model": "LightGBM", "Accuracy": 0.7343571428571428, "ROC-AUC": 0.8013705269781313, "F1-Score": 0.7251090250572844, "Precision": 0.7508036124292056, "Recall": 0.701114922813036, "MCC": 0.4697227255007273, "Params": "{'classifier__num_leaves': 31, 'classifier__n_estimators': 1000, 'classifier__min_data_in_leaf': 20, 'classifier__learning_rate': 0.01, 'classifier__feature_fraction': 0.8, 'classifier__bagging_freq': 5, 'classifier__bagging_fraction': 0.6}"}