{"Model": "MLP (Neural Network)", "Accuracy": 0.7306428571428571, "ROC-AUC": 0.7973874236367098, "F1-Score": 0.7261636772928618, "Precision": 0.7380073800738007, "Recall": 0.714694110920526, "MCC": 0.46150588932330716, "Params": "{'classifier__learning_rate': 'constant', 'classifier__hidden_layer_sizes': (50, 50), 'classifier__alpha': 0.0001, 'classifier__activation': 'tanh'}"}