{"Model": "Random Forest", "Accuracy": 0.7302857142857143, "ROC-AUC": 0.7969992602446564, "F1-Score": 0.7191312109491222, "Precision": 0.7496898263027295, "Recall": 0.6909662664379645, "MCC": 0.46196503547855194, "Params": "{'classifier__n_estimators': 200, 'classifier__min_samples_split': 10, 'classifier__min_samples_leaf': 4, 'classifier__max_features': 'sqrt', 'classifier__max_depth': 20, 'classifier__bootstrap': True}", "Training Time (s)": 246.1}