{"Model": "XGBoost", "Accuracy": 0.7037142857142857, "ROC-AUC": 0.8010174656383562, "F1-Score": 0.7423602484472049, "Precision": 0.656414762741652, "Recall": 0.8542024013722127, "MCC": 0.42736190351515463, "Params": "{'classifier__subsample': 0.6, 'classifier__scale_pos_weight': 2.0012150234070685, 'classifier__reg_lambda': 1.5, 'classifier__reg_alpha': 0.1, 'classifier__n_estimators': 500, 'classifier__max_depth': 6, 'classifier__learning_rate': 0.01, 'classifier__gamma': 0.3, 'classifier__colsample_bytree': 1.0}"}